#	Type	Response	Acc	RT	Offset
1,1,0,0,0.000000,227.545000
2,104,0,0,0.000000,228.328000
3,1,0,0,0.000000,229.813000
4,104,0,0,0.000000,230.713000
5,2,0,0,0.000000,232.214000
6,104,0,0,0.000000,233.048000
7,3,0,0,0.000000,234.533000
8,104,0,0,0.000000,235.150000
9,1,0,0,0.000000,236.618000
10,104,0,0,0.000000,237.135000
11,3,0,0,0.000000,238.603000
12,104,0,0,0.000000,239.153000
13,2,0,0,0.000000,240.621000
14,104,0,0,0.000000,241.238000
15,2,0,0,0.000000,242.706000
16,104,0,0,0.000000,243.557000
17,1,0,0,0.000000,245.042000
18,104,0,0,0.000000,245.617000
19,3,0,0,0.000000,246.926000
20,104,0,0,0.000000,247.710000
21,3,0,0,0.000000,249.195000
22,104,0,0,0.000000,249.562000
23,1,0,0,0.000000,251.013000
24,104,0,0,0.000000,251.630000
25,2,0,0,0.000000,253.098000
26,104,0,0,0.000000,253.698000
27,1,0,0,0.000000,255.166000
28,104,0,0,0.000000,255.783000
29,3,0,0,0.000000,257.251000
30,104,0,0,0.000000,258.018000
31,2,0,0,0.000000,259.503000
32,104,0,0,0.000000,260.203000
33,4,0,0,0.000000,261.688000
34,41,0,0,0.000000,270.795000
35,3,0,0,0.000000,272.080000
36,104,0,0,0.000000,272.697000
37,1,0,0,0.000000,274.164000
38,104,0,0,0.000000,274.631000
39,1,0,0,0.000000,276.083000
40,103,0,0,0.000000,276.534000
43,2,0,0,0.000000,277.984000
44,104,0,0,0.000000,278.485000
45,2,0,0,0.000000,279.936000
46,104,0,0,0.000000,280.453000
47,3,0,0,0.000000,281.921000
48,104,0,0,0.000000,282.538000
49,2,0,0,0.000000,284.006000
50,104,0,0,0.000000,284.523000
51,3,0,0,0.000000,285.991000
52,104,0,0,0.000000,286.541000
53,1,0,0,0.000000,288.009000
54,104,0,0,0.000000,288.676000
55,3,0,0,0.000000,290.144000
56,104,0,0,0.000000,290.761000
57,2,0,0,0.000000,292.229000
58,104,0,0,0.000000,293.146000
59,2,0,0,0.000000,294.647000
60,104,0,0,0.000000,295.382000
61,3,0,0,0.000000,296.866000
62,104,0,0,0.000000,297.216000
63,2,0,0,0.000000,298.667000
64,104,0,0,0.000000,299.401000
65,1,0,0,0.000000,300.886000
66,104,0,0,0.000000,301.369000
67,1,0,0,0.000000,302.820000
68,104,0,0,0.000000,303.606000
69,2,0,0,0.000000,305.089000
70,104,0,0,0.000000,305.823000
71,3,0,0,0.000000,307.307000
72,104,0,0,0.000000,307.908000
73,1,0,0,0.000000,309.376000
74,104,0,0,0.000000,310.060000
75,3,0,0,0.000000,311.544000
76,104,0,0,0.000000,312.128000
77,3,0,0,0.000000,313.596000
78,104,0,0,0.000000,314.179000
79,1,0,0,0.000000,315.647000
80,104,0,0,0.000000,316.198000
81,3,0,0,0.000000,317.666000
82,104,0,0,0.000000,318.249000
83,3,0,0,0.000000,319.717000
84,104,0,0,0.000000,320.401000
85,1,0,0,0.000000,321.886000
86,104,0,0,0.000000,322.419000
87,3,0,0,0.000000,323.887000
88,104,0,0,0.000000,324.538000
89,2,0,0,0.000000,326.006000
90,103,0,0,0.000000,326.689000
91,2,0,0,0.000000,328.158000
92,104,0,0,0.000000,328.975000
93,3,0,0,0.000000,330.459000
94,104,0,0,0.000000,330.876000
95,2,0,0,0.000000,332.327000
96,104,0,0,0.000000,332.961000
97,1,0,0,0.000000,334.446000
98,104,0,0,0.000000,334.929000
99,3,0,0,0.000000,336.381000
100,104,0,0,0.000000,336.765000
101,2,0,0,0.000000,338.215000
102,104,0,0,0.000000,338.949000
103,3,0,0,0.000000,340.434000
104,104,0,0,0.000000,341.151000
105,4,0,0,0.000000,342.635000
106,41,0,0,0.000000,349.424000
107,2,0,0,0.000000,350.709000
108,104,0,0,0.000000,351.893000
109,1,0,0,0.000000,353.411000
110,104,0,0,0.000000,354.078000
111,1,0,0,0.000000,355.546000
112,104,0,0,0.000000,356.129000
113,3,0,0,0.000000,357.597000
114,104,0,0,0.000000,358.315000
115,1,0,0,0.000000,359.799000
116,104,0,0,0.000000,360.433000
117,3,0,0,0.000000,361.902000
118,104,0,0,0.000000,362.735000
119,1,0,0,0.000000,364.219000
120,104,0,0,0.000000,364.736000
121,2,0,0,0.000000,366.204000
122,103,0,0,0.000000,366.621000
123,3,0,0,0.000000,368.072000
124,104,0,0,0.000000,368.623000
125,2,0,0,0.000000,370.090000
126,104,0,0,0.000000,370.658000
127,2,0,0,0.000000,372.125000
128,104,0,0,0.000000,372.776000
129,3,0,0,0.000000,374.260000
130,104,0,0,0.000000,374.761000
131,1,0,0,0.000000,376.229000
132,104,0,0,0.000000,376.746000
133,3,0,0,0.000000,378.214000
134,103,0,0,0.000000,378.714000
135,2,0,0,0.000000,380.166000
136,101,0,0,0.000000,381.166000
137,1,0,0,0.000000,382.667000
138,101,0,0,0.000000,383.384000
139,1,0,0,0.000000,384.869000
140,101,0,0,0.000000,385.569000
141,2,0,0,0.000000,387.054000
142,101,0,0,0.000000,387.939000
143,2,0,0,0.000000,389.439000
144,104,0,0,0.000000,390.240000
145,2,0,0,0.000000,391.724000
146,104,0,0,0.000000,392.341000
147,1,0,0,0.000000,393.809000
148,104,0,0,0.000000,394.510000
149,1,0,0,0.000000,395.994000
150,104,0,0,0.000000,396.678000
151,4,0,0,0.000000,420.014000
152,43,0,0,0.000000,428.237000
153,2,0,0,0.000000,429.521000
154,104,0,0,0.000000,430.272000
155,2,0,0,0.000000,431.756000
156,103,0,0,0.000000,432.390000
157,1,0,0,0.000000,433.858000
158,104,0,0,0.000000,434.475000
159,3,0,0,0.000000,435.943000
160,104,0,0,0.000000,436.493000
161,2,0,0,0.000000,437.961000
162,103,0,0,0.000000,438.362000
163,3,0,0,0.000000,439.812000
164,103,0,0,0.000000,440.330000
165,3,0,0,0.000000,441.797000
166,104,0,0,0.000000,442.314000
167,1,0,0,0.000000,443.782000
168,104,0,0,0.000000,444.133000
169,2,0,0,0.000000,445.584000
170,103,0,0,0.000000,446.202000
171,3,0,0,0.000000,447.669000
172,104,0,0,0.000000,448.269000
173,3,0,0,0.000000,449.737000
174,103,0,0,0.000000,450.121000
175,1,0,0,0.000000,451.572000
176,104,0,0,0.000000,451.972000
179,1,0,0,0.000000,453.423000
180,104,0,0,0.000000,453.824000
181,3,0,0,0.000000,455.275000
182,104,0,0,0.000000,455.775000
183,2,0,0,0.000000,457.227000
184,104,0,0,0.000000,457.960000
185,2,0,0,0.000000,459.445000
186,102,0,0,0.000000,460.362000
187,3,0,0,0.000000,461.863000
188,101,0,0,0.000000,462.480000
189,2,0,0,0.000000,463.948000
190,101,0,0,0.000000,464.532000
191,1,0,0,0.000000,466.000000
192,101,0,0,0.000000,466.500000
195,2,0,0,0.000000,467.952000
196,101,0,0,0.000000,468.468000
197,1,0,0,0.000000,469.920000
198,101,0,0,0.000000,470.437000
199,3,0,0,0.000000,471.888000
200,104,0,0,0.000000,472.288000
201,3,0,0,0.000000,473.739000
202,104,0,0,0.000000,474.323000
203,2,0,0,0.000000,475.791000
204,104,0,0,0.000000,476.341000
205,3,0,0,0.000000,477.809000
206,104,0,0,0.000000,478.560000
207,3,0,0,0.000000,480.044000
208,104,0,0,0.000000,480.545000
209,2,0,0,0.000000,481.997000
210,104,0,0,0.000000,482.563000
211,3,0,0,0.000000,484.031000
212,104,0,0,0.000000,484.581000
213,1,0,0,0.000000,486.049000
214,104,0,0,0.000000,486.716000
215,1,0,0,0.000000,488.184000
216,104,0,0,0.000000,488.935000
217,1,0,0,0.000000,490.419000
218,104,0,0,0.000000,490.986000
219,2,0,0,0.000000,492.454000
220,104,0,0,0.000000,493.105000
221,1,0,0,0.000000,494.573000
222,104,0,0,0.000000,495.056000
223,1,0,0,0.000000,496.507000
224,104,0,0,0.000000,497.024000
225,2,0,0,0.000000,498.492000
226,104,0,0,0.000000,498.944000
227,1,0,0,0.000000,500.444000
228,102,0,0,0.000000,500.878000
229,2,0,0,0.000000,502.329000
230,104,0,0,0.000000,502.913000
231,3,0,0,0.000000,504.380000
232,104,0,0,0.000000,505.064000
233,3,0,0,0.000000,506.532000
234,104,0,0,0.000000,507.049000
235,4,0,0,0.000000,508.517000
236,41,0,0,0.000000,518.508000
237,1,0,0,0.000000,519.793000
238,104,0,0,0.000000,520.643000
239,3,0,0,0.000000,522.128000
240,102,0,0,0.000000,522.695000
241,3,0,0,0.000000,524.163000
242,104,0,0,0.000000,525.063000
243,2,0,0,0.000000,526.565000
244,104,0,0,0.000000,527.215000
245,2,0,0,0.000000,528.700000
246,104,0,0,0.000000,529.351000
247,1,0,0,0.000000,530.835000
248,103,0,0,0.000000,531.402000
249,3,0,0,0.000000,532.870000
250,104,0,0,0.000000,533.553000
251,3,0,0,0.000000,535.021000
252,104,0,0,0.000000,535.772000
253,2,0,0,0.000000,537.256000
254,104,0,0,0.000000,538.024000
255,1,0,0,0.000000,539.508000
256,104,0,0,0.000000,540.075000
257,3,0,0,0.000000,541.543000
258,104,0,0,0.000000,542.094000
259,1,0,0,0.000000,543.561000
260,104,0,0,0.000000,544.129000
261,2,0,0,0.000000,545.596000
262,104,0,0,0.000000,546.380000
263,2,0,0,0.000000,547.865000
264,104,0,0,0.000000,548.348000
265,1,0,0,0.000000,549.800000
266,104,0,0,0.000000,550.700000
267,1,0,0,0.000000,552.202000
268,104,0,0,0.000000,552.802000
269,1,0,0,0.000000,554.270000
270,104,0,0,0.000000,554.954000
271,1,0,0,0.000000,556.438000
272,104,0,0,0.000000,557.022000
273,3,0,0,0.000000,558.490000
274,104,0,0,0.000000,558.957000
275,1,0,0,0.000000,560.408000
276,104,0,0,0.000000,561.242000
277,3,0,0,0.000000,562.727000
278,104,0,0,0.000000,563.227000
279,3,0,0,0.000000,564.695000
280,104,0,0,0.000000,565.229000
281,2,0,0,0.000000,566.696000
282,104,0,0,0.000000,567.580000
283,2,0,0,0.000000,569.082000
284,102,0,0,0.000000,569.732000
285,1,0,0,0.000000,571.200000
286,101,0,0,0.000000,571.900000
287,1,0,0,0.000000,573.385000
288,104,0,0,0.000000,573.969000
289,2,0,0,0.000000,575.437000
290,103,0,0,0.000000,576.054000
291,2,0,0,0.000000,577.522000
292,103,0,0,0.000000,578.089000
293,1,0,0,0.000000,579.557000
294,104,0,0,0.000000,580.140000
296,3,0,0,0.000000,581.608000
297,104,0,0,0.000000,582.209000
298,2,0,0,0.000000,583.677000
299,104,0,0,0.000000,584.294000
300,3,0,0,0.000000,585.762000
301,104,0,0,0.000000,586.262000
302,2,0,0,0.000000,587.714000
303,104,0,0,0.000000,588.181000
304,2,0,0,0.000000,628.229000
305,104,0,0,0.000000,629.363000
306,4,0,0,0.000000,630.881000
307,42,0,0,0.000000,644.858000
308,2,0,0,0.000000,646.144000
309,104,0,0,0.000000,646.777000
310,3,0,0,0.000000,648.244000
311,103,0,0,0.000000,648.778000
312,3,0,0,0.000000,650.246000
313,104,0,0,0.000000,650.763000
314,2,0,0,0.000000,652.231000
315,104,0,0,0.000000,652.898000
316,1,0,0,0.000000,654.383000
317,103,0,0,0.000000,654.950000
318,1,0,0,0.000000,656.418000
319,102,0,0,0.000000,656.918000
320,2,0,0,0.000000,658.370000
321,101,0,0,0.000000,659.103000
322,3,0,0,0.000000,660.588000
323,101,0,0,0.000000,661.238000
324,1,0,0,0.000000,662.706000
325,101,0,0,0.000000,663.206000
326,1,0,0,0.000000,664.674000
327,101,0,0,0.000000,665.258000
328,2,0,0,0.000000,666.726000
329,101,0,0,0.000000,667.259000
330,3,0,0,0.000000,668.727000
331,101,0,0,0.000000,669.344000
332,1,0,0,0.000000,670.812000
333,101,0,0,0.000000,671.446000
334,2,0,0,0.000000,672.914000
335,104,0,0,0.000000,673.481000
336,1,0,0,0.000000,674.949000
337,103,0,0,0.000000,675.666000
340,3,0,0,0.000000,677.151000
341,104,0,0,0.000000,677.734000
342,3,0,0,0.000000,679.202000
343,104,0,0,0.000000,679.836000
344,3,0,0,0.000000,681.304000
345,104,0,0,0.000000,681.971000
346,1,0,0,0.000000,683.439000
347,104,0,0,0.000000,683.989000
348,3,0,0,0.000000,685.457000
349,103,0,0,0.000000,686.008000
350,1,0,0,0.000000,687.475000
351,104,0,0,0.000000,687.993000
352,3,0,0,0.000000,689.460000
353,104,0,0,0.000000,690.061000
354,2,0,0,0.000000,691.529000
355,104,0,0,0.000000,692.012000
356,3,0,0,0.000000,693.480000
357,104,0,0,0.000000,693.997000
358,2,0,0,0.000000,695.465000
359,104,0,0,0.000000,696.099000
360,1,0,0,0.000000,697.568000
361,104,0,0,0.000000,698.101000
364,2,0,0,0.000000,699.568000
365,104,0,0,0.000000,700.352000
366,1,0,0,0.000000,701.837000
367,104,0,0,0.000000,702.671000
368,2,0,0,0.000000,704.155000
369,103,0,0,0.000000,704.689000
370,1,0,0,0.000000,706.157000
371,104,0,0,0.000000,706.707000
372,3,0,0,0.000000,708.175000
373,104,0,0,0.000000,708.759000
374,2,0,0,0.000000,710.227000
375,104,0,0,0.000000,710.694000
376,2,0,0,0.000000,712.145000
377,104,0,0,0.000000,712.812000
378,3,0,0,0.000000,714.280000
379,104,0,0,0.000000,714.814000
380,1,0,0,0.000000,716.298000
381,104,0,0,0.000000,716.949000
384,3,0,0,0.000000,718.417000
385,104,0,0,0.000000,719.184000
386,1,0,0,0.000000,720.668000
387,104,0,0,0.000000,721.135000
388,4,0,0,0.000000,722.603000
389,41,0,0,0.000000,732.478000
390,3,0,0,0.000000,733.763000
391,103,0,0,0.000000,734.413000
392,2,0,0,0.000000,735.880000
393,103,0,0,0.000000,736.614000
394,1,0,0,0.000000,738.099000
395,104,0,0,0.000000,738.599000
396,3,0,0,0.000000,740.067000
397,104,0,0,0.000000,740.651000
398,1,0,0,0.000000,742.119000
399,104,0,0,0.000000,742.753000
400,1,0,0,0.000000,744.220000
401,103,0,0,0.000000,744.938000
402,2,0,0,0.000000,746.422000
403,103,0,0,0.000000,747.073000
404,3,0,0,0.000000,748.541000
405,103,0,0,0.000000,749.074000
406,1,0,0,0.000000,750.542000
407,102,0,0,0.000000,751.076000
408,3,0,0,0.000000,752.544000
409,103,0,0,0.000000,753.011000
410,2,0,0,0.000000,754.462000
411,103,0,0,0.000000,755.012000
412,1,0,0,0.000000,756.480000
413,102,0,0,0.000000,757.065000
414,1,0,0,0.000000,758.532000
415,103,0,0,0.000000,759.116000
416,1,0,0,0.000000,760.583000
417,103,0,0,0.000000,761.034000
420,1,0,0,0.000000,762.485000
421,103,0,0,0.000000,763.069000
422,3,0,0,0.000000,764.537000
423,104,0,0,0.000000,765.137000
424,3,0,0,0.000000,766.605000
425,104,0,0,0.000000,767.122000
426,3,0,0,0.000000,768.590000
427,104,0,0,0.000000,769.090000
428,3,0,0,0.000000,770.558000
429,104,0,0,0.000000,771.125000
430,2,0,0,0.000000,772.593000
431,104,0,0,0.000000,773.844000
432,2,0,0,0.000000,775.379000
433,104,0,0,0.000000,776.096000
434,2,0,0,0.000000,777.580000
435,103,0,0,0.000000,777.997000
436,2,0,0,0.000000,779.448000
437,104,0,0,0.000000,780.616000
438,2,0,0,0.000000,782.134000
439,104,0,0,0.000000,782.884000
440,2,0,0,0.000000,784.369000
441,104,0,0,0.000000,785.320000
442,3,0,0,0.000000,786.821000
443,103,0,0,0.000000,787.722000
444,2,0,0,0.000000,789.223000
445,104,0,0,0.000000,790.457000
446,1,0,0,0.000000,791.975000
447,104,0,0,0.000000,792.575000
448,3,0,0,0.000000,794.043000
449,104,0,0,0.000000,794.911000
450,2,0,0,0.000000,796.412000
451,104,0,0,0.000000,797.396000
452,1,0,0,0.000000,798.897000
453,104,0,0,0.000000,799.898000
454,3,0,0,0.000000,801.399000
455,103,0,0,0.000000,802.133000
456,1,0,0,0.000000,803.618000
457,102,0,0,0.000000,804.201000
458,2,0,0,0.000000,805.669000
459,103,0,0,0.000000,806.987000
460,3,0,0,0.000000,841.814000
461,103,0,0,0.000000,843.082000
462,3,0,0,0.000000,844.617000
463,103,0,0,0.000000,845.334000
464,2,0,0,0.000000,846.818000
465,103,0,0,0.000000,847.270000
466,1,0,0,0.000000,848.720000
467,104,0,0,0.000000,849.087000
468,3,0,0,0.000000,850.538000
469,104,0,0,0.000000,851.155000
470,1,0,0,0.000000,852.623000
471,103,0,0,0.000000,853.173000
472,3,0,0,0.000000,854.641000
473,102,0,0,0.000000,855.025000
474,3,0,0,0.000000,856.476000
475,104,0,0,0.000000,856.894000
476,3,0,0,0.000000,858.344000
477,103,0,0,0.000000,858.761000
478,1,0,0,0.000000,860.212000
479,103,0,0,0.000000,860.780000
480,2,0,0,0.000000,862.247000
481,104,0,0,0.000000,862.798000
482,1,0,0,0.000000,864.266000
483,103,0,0,0.000000,864.749000
484,1,0,0,0.000000,866.200000
485,103,0,0,0.000000,866.734000
486,2,0,0,0.000000,868.202000
487,104,0,0,0.000000,868.919000
488,1,0,0,0.000000,870.404000
489,103,0,0,0.000000,870.904000
490,3,0,0,0.000000,872.389000
491,104,0,0,0.000000,872.922000
492,1,0,0,0.000000,874.390000
493,104,0,0,0.000000,875.041000
494,4,0,0,0.000000,876.525000
495,41,0,0,0.000000,884.865000
496,2,0,0,0.000000,886.150000
497,104,0,0,0.000000,887.084000
498,3,0,0,0.000000,888.585000
499,102,0,0,0.000000,889.252000
500,1,0,0,0.000000,890.720000
501,103,0,0,0.000000,891.204000
502,3,0,0,0.000000,892.655000
503,104,0,0,0.000000,893.072000
504,1,0,0,0.000000,894.523000
505,104,0,0,0.000000,895.173000
506,2,0,0,0.000000,896.641000
507,103,0,0,0.000000,897.109000
508,3,0,0,0.000000,898.560000
509,103,0,0,0.000000,898.977000
510,2,0,0,0.000000,900.428000
511,103,0,0,0.000000,901.012000
512,2,0,0,0.000000,902.479000
513,104,0,0,0.000000,903.080000
514,1,0,0,0.000000,904.548000
515,104,0,0,0.000000,905.231000
516,2,0,0,0.000000,906.716000
517,103,0,0,0.000000,907.383000
518,3,0,0,0.000000,908.851000
519,104,0,0,0.000000,909.385000
520,3,0,0,0.000000,910.853000
521,102,0,0,0.000000,911.386000
522,2,0,0,0.000000,912.854000
523,102,0,0,0.000000,913.371000
524,2,0,0,0.000000,914.839000
525,104,0,0,0.000000,915.640000
526,2,0,0,0.000000,917.124000
527,102,0,0,0.000000,917.775000
528,1,0,0,0.000000,919.243000
529,103,0,0,0.000000,919.826000
532,2,0,0,0.000000,921.294000
533,103,0,0,0.000000,921.828000
534,1,0,0,0.000000,923.296000
535,102,0,0,0.000000,923.796000
536,3,0,0,0.000000,925.247000
537,102,0,0,0.000000,925.831000
538,2,0,0,0.000000,927.299000
539,102,0,0,0.000000,927.849000
540,3,0,0,0.000000,929.317000
541,102,0,0,0.000000,929.784000
542,3,0,0,0.000000,931.235000
543,102,0,0,0.000000,931.804000
544,2,0,0,0.000000,933.270000
545,102,0,0,0.000000,933.754000
546,3,0,0,0.000000,935.206000
547,103,0,0,0.000000,935.806000
548,4,0,0,0.000000,937.274000
549,41,0,0,0.000000,958.007000
550,2,0,0,0.000000,959.292000
551,101,0,0,0.000000,959.958000
552,3,0,0,0.000000,961.426000
553,101,0,0,0.000000,961.993000
554,1,0,0,0.000000,963.461000
555,101,0,0,0.000000,964.095000
556,1,0,0,0.000000,965.563000
557,101,0,0,0.000000,965.930000
558,1,0,0,0.000000,967.381000
559,101,0,0,0.000000,967.831000
560,1,0,0,0.000000,969.282000
561,101,0,0,0.000000,969.816000
562,1,0,0,0.000000,971.284000
563,101,0,0,0.000000,971.951000
566,2,0,0,0.000000,973.419000
567,101,0,0,0.000000,974.003000
568,2,0,0,0.000000,975.470000
569,101,0,0,0.000000,975.854000
570,2,0,0,0.000000,977.305000
571,101,0,0,0.000000,977.872000
572,3,0,0,0.000000,979.340000
573,101,0,0,0.000000,979.874000
574,2,0,0,0.000000,981.342000
575,101,0,0,0.000000,981.892000
576,1,0,0,0.000000,983.360000
577,101,0,0,0.000000,983.994000
578,1,0,0,0.000000,985.462000
579,101,0,0,0.000000,986.046000
580,3,0,0,0.000000,987.513000
581,101,0,0,0.000000,988.014000
582,3,0,0,0.000000,989.465000
583,101,0,0,0.000000,990.066000
584,3,0,0,0.000000,991.533000
585,101,0,0,0.000000,992.150000
586,2,0,0,0.000000,993.618000
587,101,0,0,0.000000,994.169000
588,2,0,0,0.000000,995.636000
589,101,0,0,0.000000,996.304000
590,1,0,0,0.000000,997.771000
591,101,0,0,0.000000,998.339000
592,2,0,0,0.000000,999.806000
593,101,0,0,0.000000,1000.357000
594,3,0,0,0.000000,1001.825000
595,101,0,0,0.000000,1002.275000
597,3,0,0,0.000000,1003.726000
598,101,0,0,0.000000,1004.194000
599,1,0,0,0.000000,1005.644000
600,101,0,0,0.000000,1006.212000
601,1,0,0,0.000000,1007.679000
602,101,0,0,0.000000,1008.230000
603,1,0,0,0.000000,1009.698000
604,101,0,0,0.000000,1010.448000
605,2,0,0,0.000000,1011.933000
606,101,0,0,0.000000,1012.433000
607,1,0,0,0.000000,1013.885000
608,101,0,0,0.000000,1014.501000
609,3,0,0,0.000000,1015.969000
610,101,0,0,0.000000,1016.436000
611,2,0,0,0.000000,1017.888000
612,101,0,0,0.000000,1018.289000
613,1,0,0,0.000000,1036.586000
614,101,0,0,0.000000,1037.636000
615,2,0,0,0.000000,1039.138000
616,101,0,0,0.000000,1039.621000
617,3,0,0,0.000000,1041.072000
618,101,0,0,0.000000,1041.556000
619,3,0,0,0.000000,1043.007000
620,33,0,0,0.000000,1043.524000
621,3,0,0,0.000000,1044.976000
622,103,0,0,0.000000,1045.493000
623,1,0,0,0.000000,1046.944000
624,101,0,0,0.000000,1047.628000
625,1,0,0,0.000000,1049.095000
626,102,0,0,0.000000,1049.713000
627,1,0,0,0.000000,1051.180000
628,102,0,0,0.000000,1051.698000
629,2,0,0,0.000000,1053.165000
630,102,0,0,0.000000,1053.849000
631,1,0,0,0.000000,1055.334000
632,103,0,0,0.000000,1055.951000
633,2,0,0,0.000000,1057.419000
634,102,0,0,0.000000,1058.086000
635,3,0,0,0.000000,1059.554000
636,104,0,0,0.000000,1060.121000
637,1,0,0,0.000000,1061.589000
638,101,0,0,0.000000,1062.423000
639,1,0,0,0.000000,1063.907000
640,101,0,0,0.000000,1064.408000
641,3,0,0,0.000000,1065.859000
642,33,0,0,0.000000,1066.326000
643,2,0,0,0.000000,1067.777000
644,102,0,0,0.000000,1068.728000
645,3,0,0,0.000000,1070.229000
646,101,0,0,0.000000,1070.646000
647,4,0,0,0.000000,1072.097000
648,43,0,0,0.000000,1091.629000
649,3,0,0,0.000000,1092.915000
650,101,0,0,0.000000,1093.773000
651,2,0,0,0.000000,1095.115000
652,101,0,0,0.000000,1095.632000
653,2,0,0,0.000000,1097.100000
654,101,0,0,0.000000,1097.651000
655,1,0,0,0.000000,1099.118000
656,101,0,0,0.000000,1099.636000
657,2,0,0,0.000000,1101.088000
658,101,0,0,0.000000,1101.754000
659,3,0,0,0.000000,1103.222000
660,101,0,0,0.000000,1103.807000
661,2,0,0,0.000000,1105.273000
662,101,0,0,0.000000,1105.959000
663,3,0,0,0.000000,1107.442000
664,101,0,0,0.000000,1107.942000
665,2,0,0,0.000000,1109.393000
666,101,0,0,0.000000,1109.960000
667,2,0,0,0.000000,1111.428000
668,101,0,0,0.000000,1112.112000
669,1,0,0,0.000000,1113.597000
670,103,0,0,0.000000,1114.130000
671,1,0,0,0.000000,1115.598000
672,103,0,0,0.000000,1115.999000
673,2,0,0,0.000000,1117.450000
674,102,0,0,0.000000,1117.983000
675,3,0,0,0.000000,1119.451000
676,102,0,0,0.000000,1119.818000
677,2,0,0,0.000000,1121.269000
678,104,0,0,0.000000,1121.820000
679,3,0,0,0.000000,1123.288000
680,103,0,0,0.000000,1123.821000
681,1,0,0,0.000000,1125.289000
682,102,0,0,0.000000,1125.656000
683,1,0,0,0.000000,1127.107000
684,103,0,0,0.000000,1127.641000
685,3,0,0,0.000000,1129.109000
686,103,0,0,0.000000,1129.659000
687,3,0,0,0.000000,1131.127000
688,103,0,0,0.000000,1131.561000
689,2,0,0,0.000000,1133.012000
690,103,0,0,0.000000,1134.030000
691,2,0,0,0.000000,1135.531000
692,101,0,0,0.000000,1136.181000
693,2,0,0,0.000000,1137.649000
694,101,0,0,0.000000,1138.316000
695,2,0,0,0.000000,1139.784000
696,103,0,0,0.000000,1140.501000
697,2,0,0,0.000000,1141.986000
698,104,0,0,0.000000,1142.570000
699,3,0,0,0.000000,1144.037000
700,103,0,0,0.000000,1144.605000
701,3,0,0,0.000000,1146.072000
702,103,0,0,0.000000,1146.573000
703,1,0,0,0.000000,1148.041000
704,103,0,0,0.000000,1148.624000
705,2,0,0,0.000000,1150.092000
706,104,0,0,0.000000,1150.676000
707,3,0,0,0.000000,1152.144000
708,102,0,0,0.000000,1152.644000
709,3,0,0,0.000000,1154.097000
710,103,0,0,0.000000,1154.696000
711,2,0,0,0.000000,1156.164000
712,103,0,0,0.000000,1156.914000
713,2,0,0,0.000000,1158.399000
714,104,0,0,0.000000,1159.249000
715,2,0,0,0.000000,1160.734000
716,104,0,0,0.000000,1161.118000
717,3,0,0,0.000000,1162.569000
718,103,0,0,0.000000,1163.186000
719,3,0,0,0.000000,1164.654000
720,103,0,0,0.000000,1165.205000
721,1,0,0,0.000000,1166.672000
722,103,0,0,0.000000,1167.239000
723,3,0,0,0.000000,1168.707000
724,104,0,0,0.000000,1169.257000
725,1,0,0,0.000000,1170.725000
726,103,0,0,0.000000,1171.276000
727,4,0,0,0.000000,1172.744000
728,41,0,0,0.000000,1191.809000
729,1,0,0,0.000000,1193.110000
730,103,0,0,0.000000,1193.643000
731,1,0,0,0.000000,1195.111000
732,103,0,0,0.000000,1195.678000
733,1,0,0,0.000000,1197.146000
734,103,0,0,0.000000,1197.697000
735,2,0,0,0.000000,1199.164000
736,102,0,0,0.000000,1199.631000
737,1,0,0,0.000000,1201.083000
738,102,0,0,0.000000,1201.666000
739,1,0,0,0.000000,1203.134000
740,101,0,0,0.000000,1203.518000
741,3,0,0,0.000000,1204.969000
742,101,0,0,0.000000,1205.703000
743,3,0,0,0.000000,1207.187000
744,101,0,0,0.000000,1207.704000
745,2,0,0,0.000000,1209.156000
746,101,0,0,0.000000,1209.840000
747,1,0,0,0.000000,1211.307000
748,101,0,0,0.000000,1211.941000
749,1,0,0,0.000000,1213.409000
750,101,0,0,0.000000,1214.028000
751,1,0,0,0.000000,1215.494000
752,101,0,0,0.000000,1216.228000
753,3,0,0,0.000000,1217.713000
754,101,0,0,0.000000,1218.096000
755,1,0,0,0.000000,1219.547000
756,101,0,0,0.000000,1220.381000
757,3,0,0,0.000000,1221.866000
758,101,0,0,0.000000,1222.483000
759,2,0,0,0.000000,1223.951000
760,101,0,0,0.000000,1224.535000
761,2,0,0,0.000000,1253.925000
762,103,0,0,0.000000,1254.909000
763,1,0,0,0.000000,1256.410000
764,104,0,0,0.000000,1257.010000
767,3,0,0,0.000000,1258.478000
768,102,0,0,0.000000,1258.912000
769,3,0,0,0.000000,1260.363000
770,103,0,0,0.000000,1261.030000
771,2,0,0,0.000000,1262.498000
772,102,0,0,0.000000,1262.866000
773,1,0,0,0.000000,1264.316000
774,103,0,0,0.000000,1265.067000
775,1,0,0,0.000000,1266.551000
776,102,0,0,0.000000,1267.252000
779,2,0,0,0.000000,1268.721000
780,103,0,0,0.000000,1269.237000
781,2,0,0,0.000000,1270.705000
782,102,0,0,0.000000,1271.372000
783,2,0,0,0.000000,1272.839000
784,103,0,0,0.000000,1273.457000
785,3,0,0,0.000000,1274.925000
786,102,0,0,0.000000,1275.442000
787,3,0,0,0.000000,1276.909000
788,102,0,0,0.000000,1277.477000
789,1,0,0,0.000000,1278.944000
790,103,0,0,0.000000,1279.545000
793,2,0,0,0.000000,1281.013000
794,102,0,0,0.000000,1281.763000
795,1,0,0,0.000000,1283.248000
796,103,0,0,0.000000,1283.798000
797,3,0,0,0.000000,1285.266000
798,103,0,0,0.000000,1285.783000
799,2,0,0,0.000000,1287.251000
800,104,0,0,0.000000,1287.801000
801,1,0,0,0.000000,1289.269000
802,104,0,0,0.000000,1290.137000
803,1,0,0,0.000000,1291.622000
804,104,0,0,0.000000,1292.922000
805,2,0,0,0.000000,1294.457000
806,102,0,0,0.000000,1294.940000
807,1,0,0,0.000000,1296.392000
808,102,0,0,0.000000,1296.975000
809,3,0,0,0.000000,1298.443000
810,102,0,0,0.000000,1298.960000
811,3,0,0,0.000000,1300.412000
812,103,0,0,0.000000,1301.095000
813,2,0,0,0.000000,1302.563000
814,102,0,0,0.000000,1303.114000
815,2,0,0,0.000000,1304.581000
816,103,0,0,0.000000,1305.165000
817,2,0,0,0.000000,1306.633000
818,104,0,0,0.000000,1307.217000
819,3,0,0,0.000000,1308.685000
820,104,0,0,0.000000,1309.118000
821,1,0,0,0.000000,1310.569000
822,103,0,0,0.000000,1310.920000
823,3,0,0,0.000000,1312.371000
824,104,0,0,0.000000,1313.005000
825,1,0,0,0.000000,1314.473000
826,104,0,0,0.000000,1315.090000
827,1,0,0,0.000000,1316.557000
828,102,0,0,0.000000,1317.175000
829,3,0,0,0.000000,1318.643000
830,103,0,0,0.000000,1319.160000
831,2,0,0,0.000000,1320.627000
832,103,0,0,0.000000,1321.312000
833,3,0,0,0.000000,1322.796000
834,104,0,0,0.000000,1323.530000
835,3,0,0,0.000000,1325.014000
836,104,0,0,0.000000,1325.398000
837,1,0,0,0.000000,1326.849000
838,103,0,0,0.000000,1327.399000
839,4,0,0,0.000000,1328.867000
840,41,0,0,0.000000,1348.333000
841,3,0,0,0.000000,1349.618000
842,103,0,0,0.000000,1350.168000
843,2,0,0,0.000000,1351.635000
844,103,0,0,0.000000,1352.436000
845,3,0,0,0.000000,1353.920000
846,103,0,0,0.000000,1354.454000
847,3,0,0,0.000000,1355.922000
848,103,0,0,0.000000,1356.389000
849,3,0,0,0.000000,1357.840000
850,103,0,0,0.000000,1358.357000
851,2,0,0,0.000000,1359.825000
852,103,0,0,0.000000,1360.359000
853,3,0,0,0.000000,1361.827000
854,104,0,0,0.000000,1362.461000
855,3,0,0,0.000000,1363.928000
856,104,0,0,0.000000,1364.662000
857,1,0,0,0.000000,1366.147000
858,104,0,0,0.000000,1366.714000
859,2,0,0,0.000000,1368.182000
860,104,0,0,0.000000,1368.699000
861,2,0,0,0.000000,1370.167000
862,104,0,0,0.000000,1370.650000
863,2,0,0,0.000000,1372.118000
864,103,0,0,0.000000,1372.685000
865,2,0,0,0.000000,1374.153000
866,103,0,0,0.000000,1374.637000
867,3,0,0,0.000000,1376.089000
868,103,0,0,0.000000,1376.705000
869,2,0,0,0.000000,1378.173000
870,103,0,0,0.000000,1378.673000
871,1,0,0,0.000000,1380.125000
872,103,0,0,0.000000,1380.692000
873,1,0,0,0.000000,1382.160000
874,104,0,0,0.000000,1382.695000
875,3,0,0,0.000000,1384.161000
876,103,0,0,0.000000,1384.678000
877,1,0,0,0.000000,1386.131000
878,104,0,0,0.000000,1386.613000
879,2,0,0,0.000000,1388.064000
880,101,0,0,0.000000,1388.531000
881,3,0,0,0.000000,1389.982000
882,104,0,0,0.000000,1390.466000
883,1,0,0,0.000000,1391.917000
884,102,0,0,0.000000,1392.401000
885,1,0,0,0.000000,1393.852000
886,101,0,0,0.000000,1394.469000
887,1,0,0,0.000000,1395.937000
888,101,0,0,0.000000,1396.588000
889,3,0,0,0.000000,1398.055000
890,101,0,0,0.000000,1398.673000
891,2,0,0,0.000000,1400.140000
892,102,0,0,0.000000,1400.691000
893,1,0,0,0.000000,1402.159000
894,103,0,0,0.000000,1402.709000
895,2,0,0,0.000000,1404.177000
896,103,0,0,0.000000,1405.111000
897,1,0,0,0.000000,1406.612000
898,102,0,0,0.000000,1407.179000
899,4,0,0,0.000000,1408.647000
900,43,0,0,0.000000,1424.410000
901,2,0,0,0.000000,1425.695000
902,102,0,0,0.000000,1426.261000
903,2,0,0,0.000000,1427.729000
904,102,0,0,0.000000,1428.313000
905,1,0,0,0.000000,1429.781000
906,102,0,0,0.000000,1430.198000
907,1,0,0,0.000000,1431.649000
908,102,0,0,0.000000,1432.283000
909,1,0,0,0.000000,1433.750000
910,102,0,0,0.000000,1434.284000
911,3,0,0,0.000000,1435.752000
912,101,0,0,0.000000,1436.236000
913,3,0,0,0.000000,1437.687000
914,101,0,0,0.000000,1438.171000
915,2,0,0,0.000000,1456.885000
916,102,0,0,0.000000,1457.686000
917,2,0,0,0.000000,1459.171000
918,102,0,0,0.000000,1460.238000
919,2,0,0,0.000000,1461.756000
920,102,0,0,0.000000,1462.256000
921,3,0,0,0.000000,1463.724000
923,102,0,0,0.000000,1464.341000
924,1,0,0,0.000000,1465.809000
925,103,0,0,0.000000,1466.260000
926,3,0,0,0.000000,1467.711000
927,103,0,0,0.000000,1468.211000
928,3,0,0,0.000000,1469.663000
929,102,0,0,0.000000,1470.213000
930,3,0,0,0.000000,1471.680000
931,102,0,0,0.000000,1472.214000
932,3,0,0,0.000000,1473.682000
933,102,0,0,0.000000,1474.316000
934,1,0,0,0.000000,1475.784000
935,102,0,0,0.000000,1476.368000
936,3,0,0,0.000000,1477.835000
937,102,0,0,0.000000,1478.402000
938,1,0,0,0.000000,1479.870000
939,102,0,0,0.000000,1480.588000
940,2,0,0,0.000000,1482.072000
941,102,0,0,0.000000,1482.773000
942,2,0,0,0.000000,1484.257000
943,103,0,0,0.000000,1485.258000
944,2,0,0,0.000000,1486.759000
945,103,0,0,0.000000,1487.293000
946,2,0,0,0.000000,1488.761000
947,102,0,0,0.000000,1489.361000
948,2,0,0,0.000000,1490.829000
949,102,0,0,0.000000,1491.313000
950,1,0,0,0.000000,1492.781000
951,103,0,0,0.000000,1493.314000
952,1,0,0,0.000000,1494.782000
953,103,0,0,0.000000,1495.516000
954,1,0,0,0.000000,1497.001000
955,102,0,0,0.000000,1497.468000
956,3,0,0,0.000000,1498.919000
957,102,0,0,0.000000,1499.569000
958,1,0,0,0.000000,1501.037000
959,103,0,0,0.000000,1501.688000
960,2,0,0,0.000000,1503.155000
961,103,0,0,0.000000,1503.756000
962,4,0,0,0.000000,1505.224000
963,41,0,0,0.000000,1517.167000
964,1,0,0,0.000000,1518.452000
965,103,0,0,0.000000,1519.135000
966,3,0,0,0.000000,1520.603000
967,101,0,0,0.000000,1521.253000
968,2,0,0,0.000000,1522.721000
969,102,0,0,0.000000,1523.472000
970,3,0,0,0.000000,1524.956000
971,102,0,0,0.000000,1525.473000
972,2,0,0,0.000000,1526.941000
973,103,0,0,0.000000,1527.491000
974,1,0,0,0.000000,1528.959000
975,102,0,0,0.000000,1529.476000
976,3,0,0,0.000000,1530.944000
977,103,0,0,0.000000,1531.328000
978,1,0,0,0.000000,1532.779000
979,102,0,0,0.000000,1533.730000
980,1,0,0,0.000000,1535.231000
981,102,0,0,0.000000,1535.915000
982,1,0,0,0.000000,1537.383000
983,102,0,0,0.000000,1537.933000
984,3,0,0,0.000000,1539.401000
985,103,0,0,0.000000,1539.985000
986,3,0,0,0.000000,1541.452000
987,103,0,0,0.000000,1541.986000
988,2,0,0,0.000000,1543.454000
989,103,0,0,0.000000,1543.971000
990,2,0,0,0.000000,1545.439000
991,103,0,0,0.000000,1545.874000
992,1,0,0,0.000000,1547.324000
993,102,0,0,0.000000,1547.874000
994,3,0,0,0.000000,1549.342000
995,103,0,0,0.000000,1550.410000
996,1,0,0,0.000000,1551.927000
997,103,0,0,0.000000,1553.195000
998,3,0,0,0.000000,1554.730000
999,102,0,0,0.000000,1555.330000
1000,3,0,0,0.000000,1556.798000
1001,103,0,0,0.000000,1557.315000
1002,2,0,0,0.000000,1558.767000
1003,103,0,0,0.000000,1559.600000
1004,1,0,0,0.000000,1561.085000
1005,104,0,0,0.000000,1562.019000
1006,1,0,0,0.000000,1563.520000
1007,102,0,0,0.000000,1564.154000
1008,1,0,0,0.000000,1565.622000
1009,103,0,0,0.000000,1566.222000
1010,1,0,0,0.000000,1567.690000
1011,103,0,0,0.000000,1568.241000
1014,2,0,0,0.000000,1569.708000
1015,103,0,0,0.000000,1570.726000
1016,4,0,0,0.000000,1572.244000
1017,43,0,0,0.000000,1584.537000
1018,2,0,0,0.000000,1585.822000
1019,103,0,0,0.000000,1586.588000
1020,3,0,0,0.000000,1588.073000
1021,102,0,0,0.000000,1588.540000
1022,3,0,0,0.000000,1589.991000
1023,102,0,0,0.000000,1590.409000
1024,2,0,0,0.000000,1591.859000
1026,102,0,0,0.000000,1592.426000
1027,2,0,0,0.000000,1593.894000
1028,103,0,0,0.000000,1594.595000
1029,3,0,0,0.000000,1596.063000
1030,103,0,0,0.000000,1596.579000
1031,3,0,0,0.000000,1598.031000
1032,102,0,0,0.000000,1598.581000
1033,3,0,0,0.000000,1600.049000
1034,103,0,0,0.000000,1600.566000
1035,1,0,0,0.000000,1602.034000
1036,103,0,0,0.000000,1602.818000
1037,3,0,0,0.000000,1604.319000
1038,103,0,0,0.000000,1604.686000
1039,1,0,0,0.000000,1606.137000
1040,103,0,0,0.000000,1606.554000
1041,2,0,0,0.000000,1608.005000
1042,102,0,0,0.000000,1608.622000
1043,2,0,0,0.000000,1610.090000
1044,103,0,0,0.000000,1610.807000
1045,2,0,0,0.000000,1612.292000
1046,103,0,0,0.000000,1612.976000
1047,3,0,0,0.000000,1614.444000
1049,103,0,0,0.000000,1615.044000
1050,2,0,0,0.000000,1616.512000
1051,102,0,0,0.000000,1616.929000
1052,3,0,0,0.000000,1618.380000
1053,103,0,0,0.000000,1618.947000
1054,1,0,0,0.000000,1620.415000
1055,103,0,0,0.000000,1620.899000
1056,1,0,0,0.000000,1622.350000
1057,103,0,0,0.000000,1622.934000
1058,2,0,0,0.000000,1624.402000
1059,103,0,0,0.000000,1624.852000
1060,1,0,0,0.000000,1626.303000
1061,103,0,0,0.000000,1626.770000
1062,2,0,0,0.000000,1628.221000
1063,103,0,0,0.000000,1628.905000
1064,2,0,0,0.000000,1630.373000
1065,102,0,0,0.000000,1630.757000
1066,1,0,0,0.000000,1632.208000
1067,102,0,0,0.000000,1632.775000
1068,2,0,0,0.000000,1656.927000
1069,102,0,0,0.000000,1658.045000
1070,3,0,0,0.000000,1659.563000
1071,102,0,0,0.000000,1660.163000
1072,1,0,0,0.000000,1661.631000
1073,103,0,0,0.000000,1662.282000
1074,1,0,0,0.000000,1663.749000
1075,103,0,0,0.000000,1664.367000
1076,2,0,0,0.000000,1665.834000
1077,102,0,0,0.000000,1666.235000
1078,3,0,0,0.000000,1667.686000
1079,101,0,0,0.000000,1668.286000
1080,1,0,0,0.000000,1669.754000
1081,103,0,0,0.000000,1670.555000
1084,3,0,0,0.000000,1672.039000
1085,103,0,0,0.000000,1672.390000
1086,1,0,0,0.000000,1673.841000
1087,103,0,0,0.000000,1674.324000
1088,1,0,0,0.000000,1675.776000
1089,101,0,0,0.000000,1676.359000
1090,2,0,0,0.000000,1677.827000
1091,103,0,0,0.000000,1678.711000
1092,2,0,0,0.000000,1680.212000
1093,103,0,0,0.000000,1680.763000
1094,2,0,0,0.000000,1682.231000
1095,103,0,0,0.000000,1682.631000
1096,1,0,0,0.000000,1684.082000
1097,102,0,0,0.000000,1684.649000
1100,3,0,0,0.000000,1686.117000
1101,103,0,0,0.000000,1686.768000
1102,3,0,0,0.000000,1688.235000
1103,103,0,0,0.000000,1688.736000
1104,3,0,0,0.000000,1690.204000
1105,102,0,0,0.000000,1690.754000
1106,1,0,0,0.000000,1692.222000
1107,102,0,0,0.000000,1692.806000
1108,3,0,0,0.000000,1694.274000
1109,103,0,0,0.000000,1694.807000
1110,1,0,0,0.000000,1696.275000
1111,104,0,0,0.000000,1696.692000
1112,2,0,0,0.000000,1698.143000
1113,104,0,0,0.000000,1698.627000
1116,3,0,0,0.000000,1700.078000
1117,104,0,0,0.000000,1700.595000
1118,3,0,0,0.000000,1702.047000
1119,103,0,0,0.000000,1702.563000
1120,4,0,0,0.000000,1704.031000
1121,43,0,0,0.000000,1711.554000
1122,2,0,0,0.000000,1712.839000
1123,101,0,0,0.000000,1713.872000
1124,3,0,0,0.000000,1715.374000
1125,102,0,0,0.000000,1715.841000
1126,1,0,0,0.000000,1717.292000
1127,102,0,0,0.000000,1717.592000
1128,2,0,0,0.000000,1719.027000
1129,102,0,0,0.000000,1719.727000
1130,2,0,0,0.000000,1721.212000
1131,101,0,0,0.000000,1721.845000
1132,2,0,0,0.000000,1723.313000
1133,102,0,0,0.000000,1724.297000
1134,1,0,0,0.000000,1725.798000
1135,103,0,0,0.000000,1726.399000
1136,1,0,0,0.000000,1727.867000
1137,103,0,0,0.000000,1728.484000
1138,2,0,0,0.000000,1729.952000
1139,103,0,0,0.000000,1730.486000
1140,3,0,0,0.000000,1731.953000
1141,103,0,0,0.000000,1732.454000
1142,1,0,0,0.000000,1733.922000
1143,103,0,0,0.000000,1734.539000
1144,3,0,0,0.000000,1736.007000
1145,103,0,0,0.000000,1736.490000
1146,2,0,0,0.000000,1737.942000
1147,102,0,0,0.000000,1738.459000
1148,1,0,0,0.000000,1739.910000
1149,103,0,0,0.000000,1740.627000
1150,2,0,0,0.000000,1742.111000
1151,102,0,0,0.000000,1742.612000
1152,2,0,0,0.000000,1744.064000
1153,101,0,0,0.000000,1745.064000
1154,3,0,0,0.000000,1746.565000
1155,104,0,0,0.000000,1747.115000
1156,1,0,0,0.000000,1748.583000
1157,102,0,0,0.000000,1749.250000
1158,3,0,0,0.000000,1750.718000
1159,102,0,0,0.000000,1751.420000
1160,1,0,0,0.000000,1752.903000
1161,103,0,0,0.000000,1753.470000
1162,1,0,0,0.000000,1754.938000
1163,102,0,0,0.000000,1755.540000
1166,3,0,0,0.000000,1757.007000
1167,104,0,0,0.000000,1757.692000
1168,1,0,0,0.000000,1759.175000
1169,102,0,0,0.000000,1759.575000
1170,2,0,0,0.000000,1761.026000
1171,102,0,0,0.000000,1761.427000
1172,3,0,0,0.000000,1762.878000
1173,103,0,0,0.000000,1763.645000
1174,3,0,0,0.000000,1765.130000
1175,104,0,0,0.000000,1765.747000
1176,2,0,0,0.000000,1767.215000
1177,103,0,0,0.000000,1767.748000
1178,3,0,0,0.000000,1769.216000
1179,104,0,0,0.000000,1769.833000
1180,1,0,0,0.000000,1771.301000
1181,103,0,0,0.000000,1771.651000
1182,2,0,0,0.000000,1773.103000
1183,103,0,0,0.000000,1773.620000
1184,2,0,0,0.000000,1775.088000
1185,102,0,0,0.000000,1775.621000
1186,2,0,0,0.000000,1777.089000
1187,103,0,0,0.000000,1777.756000
1188,1,0,0,0.000000,1779.241000
1189,103,0,0,0.000000,1780.008000
1190,1,0,0,0.000000,1781.493000
1191,102,0,0,0.000000,1781.993000
1192,2,0,0,0.000000,1783.445000
1193,103,0,0,0.000000,1784.328000
1194,2,0,0,0.000000,1785.829000
1195,103,0,0,0.000000,1786.447000
1196,1,0,0,0.000000,1787.914000
1197,104,0,0,0.000000,1788.415000
1198,3,0,0,0.000000,1789.866000
1199,103,0,0,0.000000,1790.333000
1200,2,0,0,0.000000,1791.784000
1201,104,0,0,0.000000,1792.351000
1202,3,0,0,0.000000,1793.819000
1203,104,0,0,0.000000,1794.186000
1204,1,0,0,0.000000,1795.637000
1205,104,0,0,0.000000,1796.204000
1208,1,0,0,0.000000,1797.672000
1209,102,0,0,0.000000,1798.406000
1210,3,0,0,0.000000,1799.891000
1211,102,0,0,0.000000,1800.491000
1212,3,0,0,0.000000,1801.959000
1213,103,0,0,0.000000,1802.526000
1214,2,0,0,0.000000,1803.994000
1215,102,0,0,0.000000,1804.578000
1216,2,0,0,0.000000,1806.045000
1217,104,0,0,0.000000,1806.579000
1218,3,0,0,0.000000,1808.047000
1219,104,0,0,0.000000,1808.514000
1220,3,0,0,0.000000,1809.967000
1221,104,0,0,0.000000,1810.516000
1222,1,0,0,0.000000,1811.983000
1223,104,0,0,0.000000,1812.584000
1224,4,0,0,0.000000,1814.053000
1225,43,0,0,0.000000,1841.040000
1226,2,0,0,0.000000,1846.095000
1227,102,0,0,0.000000,1847.061000
1228,3,0,0,0.000000,1848.563000
1229,102,0,0,0.000000,1849.130000
1230,2,0,0,0.000000,1850.597000
1231,103,0,0,0.000000,1851.198000
1232,2,0,0,0.000000,1852.666000
1233,103,0,0,0.000000,1853.233000
1234,1,0,0,0.000000,1854.701000
1235,102,0,0,0.000000,1855.468000
1236,2,0,0,0.000000,1856.952000
1237,103,0,0,0.000000,1857.470000
1238,1,0,0,0.000000,1858.937000
1239,103,0,0,0.000000,1859.504000
1240,1,0,0,0.000000,1860.972000
1241,103,0,0,0.000000,1861.523000
1242,1,0,0,0.000000,1862.991000
1243,102,0,0,0.000000,1863.524000
1244,2,0,0,0.000000,1864.992000
1245,102,0,0,0.000000,1865.493000
1246,3,0,0,0.000000,1866.944000
1247,103,0,0,0.000000,1867.444000
1248,3,0,0,0.000000,1868.912000
1249,102,0,0,0.000000,1869.412000
1250,1,0,0,0.000000,1870.880000
1251,101,0,0,0.000000,1871.265000
1252,3,0,0,0.000000,1872.715000
1253,101,0,0,0.000000,1873.299000
1254,3,0,0,0.000000,1874.767000
1255,101,0,0,0.000000,1875.284000
1256,3,0,0,0.000000,1876.736000
1257,101,0,0,0.000000,1877.219000
1258,4,0,0,0.000000,1878.686000
1259,41,0,0,0.000000,1884.124000
1260,3,0,0,0.000000,1885.409000
1261,102,0,0,0.000000,1885.976000
1262,1,0,0,0.000000,1887.443000
1263,102,0,0,0.000000,1887.960000
1264,1,0,0,0.000000,1889.428000
1265,102,0,0,0.000000,1890.246000
1266,3,0,0,0.000000,1891.730000
1267,102,0,0,0.000000,1892.331000
1268,1,0,0,0.000000,1893.798000
1269,102,0,0,0.000000,1894.299000
1272,2,0,0,0.000000,1895.767000
1273,102,0,0,0.000000,1896.517000
1274,1,0,0,0.000000,1898.002000
1275,103,0,0,0.000000,1898.652000
1276,2,0,0,0.000000,1900.120000
1277,103,0,0,0.000000,1900.771000
1278,3,0,0,0.000000,1902.255000
1279,103,0,0,0.000000,1902.839000
1280,3,0,0,0.000000,1904.307000
1281,103,0,0,0.000000,1904.890000
1282,2,0,0,0.000000,1906.358000
1283,103,0,0,0.000000,1906.892000
1284,2,0,0,0.000000,1908.360000
1285,103,0,0,0.000000,1908.877000
1286,2,0,0,0.000000,1910.345000
1287,103,0,0,0.000000,1911.045000
1288,2,0,0,0.000000,1912.530000
1289,103,0,0,0.000000,1913.097000
1290,3,0,0,0.000000,1914.565000
1291,103,0,0,0.000000,1915.182000
1292,1,0,0,0.000000,1916.650000
1293,101,0,0,0.000000,1917.417000
1294,2,0,0,0.000000,1918.902000
1295,101,0,0,0.000000,1919.485000
1296,3,0,0,0.000000,1920.953000
1297,101,0,0,0.000000,1921.671000
1298,1,0,0,0.000000,1923.155000
1299,101,0,0,0.000000,1923.672000
1300,1,0,0,0.000000,1925.140000
1301,101,0,0,0.000000,1925.974000
1302,1,0,0,0.000000,1927.458000
1303,101,0,0,0.000000,1927.942000
1304,3,0,0,0.000000,1929.393000
1305,101,0,0,0.000000,1929.994000
1306,2,0,0,0.000000,1931.462000
1307,101,0,0,0.000000,1932.679000
1308,3,0,0,0.000000,1934.214000
1309,101,0,0,0.000000,1934.815000
1310,2,0,0,0.000000,1936.282000
1311,101,0,0,0.000000,1937.083000
1312,1,0,0,0.000000,1938.567000
1313,101,0,0,0.000000,1939.168000
1314,4,0,0,0.000000,1940.636000
1315,41,0,0,0.000000,1948.576000
1316,1,0,0,0.000000,1949.861000
1317,101,0,0,0.000000,1950.860000
1320,2,0,0,0.000000,1952.361000
1321,101,0,0,0.000000,1952.762000
1322,2,0,0,0.000000,1954.230000
1323,101,0,0,0.000000,1955.030000
1324,3,0,0,0.000000,1956.515000
1325,101,0,0,0.000000,1957.049000
1326,1,0,0,0.000000,1958.516000
1327,101,0,0,0.000000,1958.983000
1328,3,0,0,0.000000,1960.435000
1329,101,0,0,0.000000,1961.002000
1330,1,0,0,0.000000,1962.469000
1331,101,0,0,0.000000,1963.070000
1332,2,0,0,0.000000,1964.538000
1333,101,0,0,0.000000,1965.288000
1334,2,0,0,0.000000,1966.773000
1335,101,0,0,0.000000,1967.190000
1336,1,0,0,0.000000,1968.641000
1337,101,0,0,0.000000,1969.275000
1338,2,0,0,0.000000,1970.743000
1339,101,0,0,0.000000,1971.627000
1340,1,0,0,0.000000,1973.128000
1341,101,0,0,0.000000,1973.795000
1342,2,0,0,0.000000,1975.264000
1343,101,0,0,0.000000,1975.830000
1344,3,0,0,0.000000,1977.298000
1345,101,0,0,0.000000,1977.698000
1346,3,0,0,0.000000,1979.149000
1347,101,0,0,0.000000,1979.783000
1348,3,0,0,0.000000,1981.251000
1349,101,0,0,0.000000,1981.801000
1350,2,0,0,0.000000,1983.269000
1351,101,0,0,0.000000,1983.803000
1352,2,0,0,0.000000,1985.271000
1353,101,0,0,0.000000,1985.705000
1354,1,0,0,0.000000,1987.156000
1355,101,0,0,0.000000,1987.556000
1356,3,0,0,0.000000,1989.007000
1357,101,0,0,0.000000,1989.641000
1358,1,0,0,0.000000,1991.109000
1359,101,0,0,0.000000,1991.684000
1360,3,0,0,0.000000,1992.994000
1361,101,0,0,0.000000,1993.511000
1362,2,0,0,0.000000,1994.979000
1363,101,0,0,0.000000,1995.646000
1364,1,0,0,0.000000,1997.130000
1365,101,0,0,0.000000,1997.681000
1366,3,0,0,0.000000,1999.149000
1367,101,0,0,0.000000,1999.799000
1368,3,0,0,0.000000,2001.267000
1369,101,0,0,0.000000,2002.034000
1370,2,0,0,0.000000,2003.519000
1371,101,0,0,0.000000,2004.152000
1372,1,0,0,0.000000,2005.620000
1373,101,0,0,0.000000,2006.104000
1374,3,0,0,0.000000,2007.556000
1375,101,0,0,0.000000,2008.022000
1376,1,0,0,0.000000,2009.473000
1377,101,0,0,0.000000,2010.024000
1378,1,0,0,0.000000,2038.129000
1379,102,0,0,0.000000,2038.963000
1380,1,0,0,0.000000,2040.448000
1381,102,0,0,0.000000,2040.948000
1382,1,0,0,0.000000,2042.416000
1383,102,0,0,0.000000,2042.933000
1384,2,0,0,0.000000,2044.401000
1385,102,0,0,0.000000,2045.102000
1386,3,0,0,0.000000,2046.586000
1387,102,0,0,0.000000,2047.153000
1388,2,0,0,0.000000,2048.621000
1390,101,0,0,0.000000,2049.138000
1391,2,0,0,0.000000,2050.606000
1392,101,0,0,0.000000,2051.740000
1393,1,0,0,0.000000,2053.258000
1394,102,0,0,0.000000,2054.225000
1395,1,0,0,0.000000,2055.727000
1396,102,0,0,0.000000,2056.444000
1397,3,0,0,0.000000,2057.928000
1398,103,0,0,0.000000,2058.746000
1399,1,0,0,0.000000,2060.247000
1400,102,0,0,0.000000,2060.764000
1401,1,0,0,0.000000,2062.248000
1402,102,0,0,0.000000,2062.749000
1403,2,0,0,0.000000,2064.217000
1404,103,0,0,0.000000,2064.817000
1405,3,0,0,0.000000,2066.302000
1406,103,0,0,0.000000,2066.952000
1407,2,0,0,0.000000,2068.420000
1408,103,0,0,0.000000,2068.954000
1409,1,0,0,0.000000,2070.422000
1410,102,0,0,0.000000,2071.406000
1411,3,0,0,0.000000,2072.907000
1412,103,0,0,0.000000,2073.457000
1413,2,0,0,0.000000,2074.925000
1414,103,0,0,0.000000,2075.526000
1415,3,0,0,0.000000,2076.994000
1416,102,0,0,0.000000,2077.627000
1417,2,0,0,0.000000,2079.095000
1418,102,0,0,0.000000,2079.662000
1419,3,0,0,0.000000,2081.130000
1420,103,0,0,0.000000,2081.631000
1421,2,0,0,0.000000,2083.098000
1422,102,0,0,0.000000,2083.766000
1423,3,0,0,0.000000,2085.250000
1424,103,0,0,0.000000,2085.834000
1425,4,0,0,0.000000,2087.302000
1426,41,0,0,0.000000,2089.487000
1427,3,0,0,0.000000,2090.772000
1428,102,0,0,0.000000,2091.522000
1429,2,0,0,0.000000,2093.006000
1430,102,0,0,0.000000,2093.457000
1431,1,0,0,0.000000,2094.908000
1432,102,0,0,0.000000,2095.575000
1435,2,0,0,0.000000,2097.043000
1436,103,0,0,0.000000,2097.618000
1437,2,0,0,0.000000,2098.928000
1438,102,0,0,0.000000,2099.628000
1439,1,0,0,0.000000,2101.113000
1440,102,0,0,0.000000,2101.713000
1441,2,0,0,0.000000,2103.181000
1442,103,0,0,0.000000,2103.781000
1443,3,0,0,0.000000,2105.249000
1444,103,0,0,0.000000,2105.733000
1445,1,0,0,0.000000,2107.201000
1446,102,0,0,0.000000,2107.701000
1447,3,0,0,0.000000,2109.169000
1448,102,0,0,0.000000,2109.719000
1449,2,0,0,0.000000,2111.187000
1450,103,0,0,0.000000,2111.738000
1451,1,0,0,0.000000,2113.206000
1452,102,0,0,0.000000,2113.674000
1455,3,0,0,0.000000,2115.140000
1456,102,0,0,0.000000,2115.708000
1457,2,0,0,0.000000,2117.175000
1458,103,0,0,0.000000,2117.726000
1459,1,0,0,0.000000,2119.194000
1460,103,0,0,0.000000,2120.028000
1461,1,0,0,0.000000,2121.529000
1462,102,0,0,0.000000,2122.113000
1463,2,0,0,0.000000,2123.581000
1464,102,0,0,0.000000,2124.064000
1465,1,0,0,0.000000,2125.516000
1466,103,0,0,0.000000,2126.166000
1469,1,0,0,0.000000,2127.634000
1470,103,0,0,0.000000,2128.634000
1473,3,0,0,0.000000,2130.136000
1474,103,0,0,0.000000,2130.736000
1475,3,0,0,0.000000,2132.204000
1476,101,0,0,0.000000,2132.721000
1477,3,0,0,0.000000,2134.189000
1478,101,0,0,0.000000,2134.789000
1479,1,0,0,0.000000,2136.257000
1480,101,0,0,0.000000,2136.791000
1481,3,0,0,0.000000,2138.259000
1482,101,0,0,0.000000,2138.759000
1483,2,0,0,0.000000,2140.227000
1484,101,0,0,0.000000,2141.028000
1485,1,0,0,0.000000,2142.512000
1486,101,0,0,0.000000,2143.163000
1487,2,0,0,0.000000,2144.631000
1488,101,0,0,0.000000,2145.331000
1489,2,0,0,0.000000,2146.816000
1490,101,0,0,0.000000,2147.316000
1491,2,0,0,0.000000,2148.784000
1492,101,0,0,0.000000,2149.451000
1493,2,0,0,0.000000,2150.919000
1494,101,0,0,0.000000,2151.386000
1495,3,0,0,0.000000,2152.837000
1496,101,0,0,0.000000,2153.404000
1497,1,0,0,0.000000,2154.872000
1498,101,0,0,0.000000,2155.472000
1501,1,0,0,0.000000,2156.940000
1502,101,0,0,0.000000,2157.491000
1503,1,0,0,0.000000,2158.958000
1504,101,0,0,0.000000,2159.576000
1505,1,0,0,0.000000,2161.044000
1506,101,0,0,0.000000,2161.811000
1507,2,0,0,0.000000,2163.295000
1508,101,0,0,0.000000,2164.296000
1509,2,0,0,0.000000,2165.798000
1510,101,0,0,0.000000,2166.314000
1511,3,0,0,0.000000,2167.782000
1512,101,0,0,0.000000,2168.683000
1513,4,0,0,0.000000,2170.184000
1514,41,0,0,0.000000,2191.234000
1515,2,0,0,0.000000,2192.519000
1516,102,0,0,0.000000,2193.286000
1517,2,0,0,0.000000,2194.770000
1518,101,0,0,0.000000,2195.354000
1519,3,0,0,0.000000,2196.822000
1520,101,0,0,0.000000,2197.239000
1521,3,0,0,0.000000,2198.690000
1522,101,0,0,0.000000,2199.107000
1523,3,0,0,0.000000,2200.558000
1524,101,0,0,0.000000,2201.059000
1525,1,0,0,0.000000,2202.526000
1526,101,0,0,0.000000,2203.194000
1527,3,0,0,0.000000,2204.663000
1528,101,0,0,0.000000,2205.279000
1529,3,0,0,0.000000,2206.746000
1530,101,0,0,0.000000,2207.380000
1531,2,0,0,0.000000,2208.848000
1532,101,0,0,0.000000,2209.499000
1533,3,0,0,0.000000,2210.966000
1534,101,0,0,0.000000,2211.600000
1535,1,0,0,0.000000,2213.068000
1536,101,0,0,0.000000,2213.869000
1537,3,0,0,0.000000,2227.696000
1538,102,0,0,0.000000,2228.814000
1539,1,0,0,0.000000,2230.332000
1540,101,0,0,0.000000,2230.749000
1543,3,0,0,0.000000,2232.200000
1544,101,0,0,0.000000,2232.717000
1545,3,0,0,0.000000,2234.185000
1546,101,0,0,0.000000,2234.702000
1547,3,0,0,0.000000,2236.170000
1548,101,0,0,0.000000,2236.787000
1549,1,0,0,0.000000,2238.322000
1550,102,0,0,0.000000,2238.939000
1551,2,0,0,0.000000,2240.406000
1552,102,0,0,0.000000,2240.807000
1553,2,0,0,0.000000,2242.258000
1554,102,0,0,0.000000,2242.908000
1555,1,0,0,0.000000,2244.393000
1556,101,0,0,0.000000,2244.910000
1557,3,0,0,0.000000,2246.378000
1558,101,0,0,0.000000,2247.062000
1559,1,0,0,0.000000,2248.546000
1560,101,0,0,0.000000,2249.047000
1561,2,0,0,0.000000,2250.514000
1562,101,0,0,0.000000,2251.115000
1563,3,0,0,0.000000,2252.583000
1564,101,0,0,0.000000,2253.150000
1565,1,0,0,0.000000,2254.618000
1566,101,0,0,0.000000,2255.535000
1567,2,0,0,0.000000,2257.036000
1568,101,0,0,0.000000,2257.987000
1569,1,0,0,0.000000,2259.488000
1570,101,0,0,0.000000,2260.239000
1571,3,0,0,0.000000,2261.723000
1572,101,0,0,0.000000,2262.424000
1573,1,0,0,0.000000,2263.908000
1574,101,0,0,0.000000,2264.642000
1575,3,0,0,0.000000,2266.127000
1576,101,0,0,0.000000,2266.677000
1577,4,0,0,0.000000,2268.145000
1578,41,0,0,0.000000,2270.080000
1579,2,0,0,0.000000,2271.365000
1580,102,0,0,0.000000,2272.132000
1581,1,0,0,0.000000,2273.616000
1582,101,0,0,0.000000,2274.116000
1583,2,0,0,0.000000,2275.584000
1584,101,0,0,0.000000,2276.085000
1585,2,0,0,0.000000,2277.552000
1586,101,0,0,0.000000,2278.170000
1587,3,0,0,0.000000,2279.637000
1588,101,0,0,0.000000,2280.205000
1589,1,0,0,0.000000,2281.672000
1590,101,0,0,0.000000,2282.139000
1591,2,0,0,0.000000,2283.591000
1592,101,0,0,0.000000,2284.141000
1593,2,0,0,0.000000,2285.609000
1594,101,0,0,0.000000,2286.193000
1595,3,0,0,0.000000,2287.661000
1596,101,0,0,0.000000,2288.111000
1597,2,0,0,0.000000,2289.562000
1598,101,0,0,0.000000,2290.129000
1599,3,0,0,0.000000,2291.597000
1600,101,0,0,0.000000,2291.997000
1601,2,0,0,0.000000,2293.448000
1602,101,0,0,0.000000,2294.015000
1603,3,0,0,0.000000,2295.483000
1604,101,0,0,0.000000,2295.884000
1605,2,0,0,0.000000,2297.335000
1606,101,0,0,0.000000,2297.985000
1607,1,0,0,0.000000,2299.453000
1608,101,0,0,0.000000,2300.037000
1609,1,0,0,0.000000,2301.505000
1610,101,0,0,0.000000,2302.022000
1611,1,0,0,0.000000,2303.490000
1612,101,0,0,0.000000,2304.207000
1613,1,0,0,0.000000,2305.691000
1614,101,0,0,0.000000,2306.159000
1615,1,0,0,0.000000,2307.610000
1616,101,0,0,0.000000,2308.110000
1617,1,0,0,0.000000,2309.578000
1618,101,0,0,0.000000,2310.128000
1619,2,0,0,0.000000,2311.596000
1620,101,0,0,0.000000,2312.213000
1621,3,0,0,0.000000,2313.681000
1622,101,0,0,0.000000,2314.182000
1623,2,0,0,0.000000,2315.633000
1624,102,0,0,0.000000,2316.250000
1625,1,0,0,0.000000,2317.718000
1626,103,0,0,0.000000,2318.252000
1627,3,0,0,0.000000,2319.719000
1628,103,0,0,0.000000,2320.253000
1629,3,0,0,0.000000,2321.721000
1630,102,0,0,0.000000,2322.471000
1631,1,0,0,0.000000,2323.956000
1632,102,0,0,0.000000,2324.640000
1633,1,0,0,0.000000,2326.124000
1634,103,0,0,0.000000,2326.625000
1635,1,0,0,0.000000,2328.093000
1636,103,0,0,0.000000,2328.726000
1637,2,0,0,0.000000,2330.194000
1638,103,0,0,0.000000,2330.611000
1639,3,0,0,0.000000,2332.062000
1640,102,0,0,0.000000,2332.529000
1641,3,0,0,0.000000,2333.981000
1642,102,0,0,0.000000,2334.464000
1643,2,0,0,0.000000,2335.917000
1644,103,0,0,0.000000,2336.533000
1645,3,0,0,0.000000,2338.000000
1646,103,0,0,0.000000,2338.618000
1647,2,0,0,0.000000,2340.085000
1648,102,0,0,0.000000,2341.019000
1649,1,0,0,0.000000,2342.521000
1650,101,0,0,0.000000,2343.038000
1653,2,0,0,0.000000,2344.506000
1654,101,0,0,0.000000,2345.156000
1655,3,0,0,0.000000,2346.624000
1656,101,0,0,0.000000,2347.191000
1657,2,0,0,0.000000,2348.659000
1658,101,0,0,0.000000,2349.176000
1659,1,0,0,0.000000,2350.644000
1660,101,0,0,0.000000,2351.061000
1661,1,0,0,0.000000,2352.512000
1662,102,0,0,0.000000,2353.229000
1663,2,0,0,0.000000,2354.714000
1664,102,0,0,0.000000,2355.431000
1665,2,0,0,0.000000,2356.915000
1666,102,0,0,0.000000,2357.499000
1667,3,0,0,0.000000,2358.967000
1668,102,0,0,0.000000,2359.568000
1669,3,0,0,0.000000,2361.035000
1670,102,0,0,0.000000,2361.603000
1671,3,0,0,0.000000,2363.070000
1672,103,0,0,0.000000,2363.621000
1673,2,0,0,0.000000,2365.088000
1674,102,0,0,0.000000,2365.506000
1675,3,0,0,0.000000,2366.957000
1676,103,0,0,0.000000,2367.357000
1677,2,0,0,0.000000,2368.808000
1678,102,0,0,0.000000,2369.492000
1679,3,0,0,0.000000,2370.977000
1680,102,0,0,0.000000,2371.560000
1681,2,0,0,0.000000,2373.028000
1682,102,0,0,0.000000,2373.679000
1683,1,0,0,0.000000,2375.147000
1684,101,0,0,0.000000,2375.680000
1685,4,0,0,0.000000,2377.148000
1686,43,0,0,0.000000,2390.842000
1687,1,0,0,0.000000,2392.128000
1688,102,0,0,0.000000,2392.994000
1689,1,0,0,0.000000,2414.578000
1690,102,0,0,0.000000,2415.595000
1691,2,0,0,0.000000,2417.113000
1692,102,0,0,0.000000,2417.664000
1693,1,0,0,0.000000,2419.131000
1694,102,0,0,0.000000,2419.582000
1695,2,0,0,0.000000,2421.033000
1696,102,0,0,0.000000,2421.700000
1697,2,0,0,0.000000,2423.185000
1698,102,0,0,0.000000,2423.735000
1699,1,0,0,0.000000,2425.203000
1700,102,0,0,0.000000,2425.670000
1703,3,0,0,0.000000,2427.121000
1704,102,0,0,0.000000,2427.688000
1705,3,0,0,0.000000,2429.156000
1706,102,0,0,0.000000,2429.656000
1707,3,0,0,0.000000,2431.109000
1708,102,0,0,0.000000,2431.675000
1709,3,0,0,0.000000,2433.142000
1710,102,0,0,0.000000,2433.610000
1711,1,0,0,0.000000,2435.061000
1712,101,0,0,0.000000,2436.011000
1713,1,0,0,0.000000,2437.513000
1714,101,0,0,0.000000,2437.996000
1715,2,0,0,0.000000,2439.464000
1716,101,0,0,0.000000,2440.131000
1717,1,0,0,0.000000,2441.600000
1718,101,0,0,0.000000,2442.175000
1719,3,0,0,0.000000,2443.484000
1720,101,0,0,0.000000,2444.051000
1721,3,0,0,0.000000,2445.519000
1722,101,0,0,0.000000,2445.886000
1723,2,0,0,0.000000,2447.337000
1724,103,0,0,0.000000,2447.854000
1725,3,0,0,0.000000,2449.322000
1726,102,0,0,0.000000,2449.872000
1727,2,0,0,0.000000,2451.340000
1728,102,0,0,0.000000,2451.924000
1729,3,0,0,0.000000,2453.392000
1730,102,0,0,0.000000,2453.909000
1731,2,0,0,0.000000,2455.377000
1732,102,0,0,0.000000,2455.827000
1733,2,0,0,0.000000,2457.295000
1734,102,0,0,0.000000,2458.112000
1735,1,0,0,0.000000,2459.597000
1736,102,0,0,0.000000,2460.147000
1737,1,0,0,0.000000,2461.615000
1738,103,0,0,0.000000,2462.149000
1739,2,0,0,0.000000,2463.617000
1740,103,0,0,0.000000,2464.234000
1741,1,0,0,0.000000,2465.702000
1742,104,0,0,0.000000,2466.769000
1743,2,0,0,0.000000,2468.287000
1744,103,0,0,0.000000,2468.937000
1745,3,0,0,0.000000,2470.405000
1746,103,0,0,0.000000,2470.989000
1747,2,0,0,0.000000,2472.457000
1748,103,0,0,0.000000,2473.091000
1749,1,0,0,0.000000,2474.559000
1750,102,0,0,0.000000,2475.076000
1751,1,0,0,0.000000,2476.544000
1752,102,0,0,0.000000,2477.011000
1753,2,0,0,0.000000,2478.462000
1754,102,0,0,0.000000,2479.029000
1755,3,0,0,0.000000,2480.497000
1756,103,0,0,0.000000,2481.097000
1757,3,0,0,0.000000,2482.565000
1758,103,0,0,0.000000,2483.183000
1759,3,0,0,0.000000,2484.650000
1760,102,0,0,0.000000,2485.084000
1761,1,0,0,0.000000,2486.535000
1762,102,0,0,0.000000,2487.110000
1763,4,0,0,0.000000,2488.436000
1764,41,0,0,0.000000,2490.938000
1765,3,0,0,0.000000,2492.239000
1766,102,0,0,0.000000,2492.791000
1767,1,0,0,0.000000,2494.258000
1768,102,0,0,0.000000,2494.791000
1769,3,0,0,0.000000,2496.259000
1770,102,0,0,0.000000,2496.810000
1771,3,0,0,0.000000,2498.277000
1772,102,0,0,0.000000,2498.778000
1773,3,0,0,0.000000,2500.246000
1774,102,0,0,0.000000,2500.746000
1775,2,0,0,0.000000,2502.198000
1776,102,0,0,0.000000,2502.814000
1777,1,0,0,0.000000,2504.282000
1778,102,0,0,0.000000,2504.783000
1781,2,0,0,0.000000,2506.250000
1782,102,0,0,0.000000,2507.285000
1783,2,0,0,0.000000,2508.786000
1784,101,0,0,0.000000,2509.453000
1785,3,0,0,0.000000,2510.921000
1786,101,0,0,0.000000,2511.738000
1787,3,0,0,0.000000,2513.223000
1788,101,0,0,0.000000,2513.740000
1789,3,0,0,0.000000,2515.208000
1790,102,0,0,0.000000,2515.725000
1791,2,0,0,0.000000,2517.192000
1792,102,0,0,0.000000,2517.776000
1793,1,0,0,0.000000,2519.244000
1794,102,0,0,0.000000,2519.928000
1795,4,0,0,0.000000,2521.412000
1796,41,0,0,0.000000,2524.448000
1797,1,0,0,0.000000,2525.733000
1798,102,0,0,0.000000,2526.600000
1799,2,0,0,0.000000,2528.101000
1800,102,0,0,0.000000,2528.802000
1801,1,0,0,0.000000,2530.286000
1802,102,0,0,0.000000,2531.187000
1803,1,0,0,0.000000,2532.688000
1804,103,0,0,0.000000,2533.272000
1805,1,0,0,0.000000,2534.740000
1806,102,0,0,0.000000,2535.273000
1807,1,0,0,0.000000,2536.741000
1808,102,0,0,0.000000,2537.110000
1809,1,0,0,0.000000,2538.559000
1810,102,0,0,0.000000,2539.060000
1811,2,0,0,0.000000,2540.528000
1812,102,0,0,0.000000,2541.578000
1813,1,0,0,0.000000,2543.096000
1814,102,0,0,0.000000,2543.630000
1815,3,0,0,0.000000,2545.098000
1816,102,0,0,0.000000,2546.082000
1817,2,0,0,0.000000,2547.584000
1818,102,0,0,0.000000,2548.117000
1819,2,0,0,0.000000,2549.585000
1820,102,0,0,0.000000,2550.335000
1821,2,0,0,0.000000,2551.820000
1822,102,0,0,0.000000,2552.354000
1823,2,0,0,0.000000,2553.821000
1824,102,0,0,0.000000,2554.822000
1825,2,0,0,0.000000,2556.324000
1826,102,0,0,0.000000,2557.157000
1827,2,0,0,0.000000,2558.642000
1828,102,0,0,0.000000,2559.326000
1829,1,0,0,0.000000,2560.810000
1830,102,0,0,0.000000,2561.294000
1831,1,0,0,0.000000,2562.762000
1832,102,0,0,0.000000,2563.329000
1833,3,0,0,0.000000,2564.797000
1834,102,0,0,0.000000,2565.397000
1835,3,0,0,0.000000,2566.865000
1836,102,0,0,0.000000,2567.466000
1837,3,0,0,0.000000,2568.933000
1838,102,0,0,0.000000,2569.551000
1839,3,0,0,0.000000,2571.018000
1840,102,0,0,0.000000,2571.636000
